{"cameraMode":{"drawMode":0,"name":"Shaded","section":"Shading Mode"},"sceneLighting":false,"audioPlay":false,"sceneViewState":{"showFog":true,"showMaterialUpdate":false,"showSkybox":false,"showFlares":true,"showImageEffects":true,"showParticleSystems":true},"in2DMode":false,"pivot":{"x":0.0,"y":0.3813908100128174,"z":-0.787045955657959},"rotation":{"x":0.08090917766094208,"y":-0.007475339341908693,"z":0.0006068300572223961,"w":0.9966926574707031},"size":6.144757270812988,"orthographic":false}