{"cameraMode":{"drawMode":0,"name":"Shaded","section":"Shading Mode"},"sceneLighting":false,"audioPlay":false,"sceneViewState":{"showFog":true,"showMaterialUpdate":false,"showSkybox":false,"showFlares":true,"showImageEffects":true,"showParticleSystems":true},"in2DMode":false,"pivot":{"x":0.03343188762664795,"y":16.183902740478517,"z":-32.74018859863281},"rotation":{"x":0.03149372711777687,"y":-0.00839393213391304,"z":0.0002641166211105883,"w":0.9994732737541199},"size":5.366583347320557,"orthographic":true}